ID|project|state|dt
1|hello-world|-1|2017-07-18 09:24:53
2|route-capture|-1|2017-07-18 09:25:14
3|route-capture|-1|2017-07-18 09:26:28
4|route-capture|-1|2017-07-18 09:28:14
5|hello-world|-1|2017-07-18 09:29:39
6|route-capture|-1|2017-07-18 09:29:59
7|hello-world|-1|2017-07-18 09:30:19
8|route-capture|0|2017-07-18 09:30:39
9|hello-world|-1|2017-07-18 09:30:59
10|route-capture|-1|2017-07-18 09:31:19
11|hello-world|-1|2017-07-18 09:31:39
12|route-capture|-1|2017-07-18 09:31:59
13|hello-world|-1|2017-07-18 09:32:19
14|route-capture|-1|2017-07-18 09:32:39
15|hello-world|-1|2017-07-18 09:32:59
16|route-capture|-1|2017-07-18 09:33:19
17|hello-world|-1|2017-07-18 09:33:39
18|route-capture|-1|2017-07-18 09:33:59
19|hello-world|-1|2017-07-18 09:34:19
20|route-capture|-1|2017-07-18 09:34:39
21|hello-world|-1|2017-07-18 09:35:00
22|route-capture|-1|2017-07-18 09:35:19
23|hello-world|-1|2017-07-18 09:35:40
24|route-capture|-1|2017-07-18 09:36:00
25|hello-world|-1|2017-07-18 09:36:20
26|route-capture|-1|2017-07-18 09:36:40
27|hello-world|-1|2017-07-18 09:37:00
28|route-capture|-1|2017-07-18 09:37:20
29|hello-world|-1|2017-07-18 09:37:40
30|route-capture|-1|2017-07-18 09:38:00
31|hello-world|-1|2017-07-18 09:38:20
32|route-capture|-1|2017-07-18 09:38:40
33|hello-world|-1|2017-07-18 09:39:00
34|route-capture|-1|2017-07-18 09:39:20
35|hello-world|-1|2017-07-18 09:39:40
36|route-capture|-1|2017-07-18 09:40:00
37|hello-world|0|2017-07-18 09:40:20
